date,signal_time,entry_time,symbol,side,strike,entry_price,prev_close,day_open,vwap,atr,atr_pct,rvol,range_atr,move_from_open_atr,off_extreme_atr,est_premium,best_price,best_pct,worst_price,worst_pct,close_price,half_out_time,exit_time,exit_reason,option_return_pct
2026-07-03,09:27,09:28,MARICO,PUT,840,841.25,856.00,873.00,858.28,17.09,2.03,18.9,1.76,1.60,0.16,16.65,838.40,0.34,849.00,-0.92,842.75,,15:20,close,-13.0
2026-07-03,09:27,09:28,PNB,PUT,105,104.50,106.91,107.00,104.85,2.20,2.11,6.8,1.25,1.13,0.11,2.50,104.11,0.37,106.24,-1.67,105.08,,15:20,close,-19.8
2026-07-03,09:27,09:28,UNIONBANK,PUT,165,162.88,174.35,168.79,164.28,3.88,2.38,6.6,1.60,1.47,0.13,5.13,161.60,0.79,164.20,-0.81,163.00,,15:20,close,-9.0
2026-07-03,09:49,09:50,BANKBARODA,PUT,250,251.35,260.25,258.25,254.27,7.38,2.94,5.0,1.12,0.98,0.14,6.77,250.10,0.50,255.50,-1.65,252.05,,15:20,close,-13.3
2026-07-07,09:27,09:28,KALYANKJIL,PUT,350,352.55,381.25,360.85,357.39,12.96,3.68,18.7,1.20,0.67,0.05,11.80,348.35,1.19,363.20,-3.02,356.05,,15:20,close,-21.4
2026-07-07,09:28,09:29,TITAN,CALL,4600,4596.30,4484.40,4550.00,4548.04,97.29,2.12,18.4,1.03,0.50,0.06,96.49,4655.90,1.30,4575.10,-0.46,4613.80,,15:20,close,0.5
2026-07-07,09:48,09:49,TRENT,PUT,3000,3002.60,3343.80,3080.00,3037.45,83.95,2.80,12.4,1.04,0.99,0.05,83.50,2925.00,2.58,3003.80,-0.04,2950.50,12:43,15:20,close,27.0
2026-07-08,09:27,09:28,NAUKRI,CALL,1200,1206.25,1159.45,1172.00,1204.23,39.36,3.26,21.1,1.16,0.93,0.24,43.00,1211.00,0.39,1178.90,-2.27,1181.95,,15:20,close,-35.4
2026-07-08,09:47,09:48,KALYANKJIL,CALL,370,373.50,354.75,360.00,366.14,14.45,3.87,15.7,1.00,0.81,0.08,16.41,386.40,3.45,368.70,-1.29,375.45,13:25,14:15,breakeven,15.0
2026-07-08,09:33,09:34,INDUSTOWER,CALL,390,388.25,382.80,381.00,382.58,10.24,2.64,6.6,1.00,0.68,0.07,9.51,396.00,2.00,385.50,-0.71,390.50,11:29,15:20,close,16.3
2026-07-09,09:27,09:28,KALYANKJIL,CALL,410,407.80,374.15,380.00,398.15,15.73,3.86,25.4,2.01,1.79,0.08,14.85,447.65,9.77,405.00,-0.69,443.65,09:56,11:02,full target,55.0
2026-07-09,09:27,09:28,SWIGGY,CALL,280,276.23,261.41,262.00,272.39,9.18,3.32,5.2,1.55,1.48,0.07,7.54,280.90,1.69,274.00,-0.81,279.40,,15:20,close,9.9
2026-07-10,09:45,09:46,KALYANKJIL,CALL,480,475.95,443.00,451.10,466.08,19.92,4.18,46.5,1.88,1.29,0.33,18.22,483.00,1.48,465.00,-2.30,471.10,,15:20,close,-20.9
2026-07-10,09:46,09:47,DIXON,PUT,13600,13630.00,13477.00,13875.00,13838.46,439.94,3.23,9.2,1.00,0.59,0.05,429.05,13380.00,1.83,13720.00,-0.66,13409.00,,15:20,close,17.4
2026-07-10,09:44,09:45,CDSL,CALL,1400,1395.50,1346.50,1353.50,1386.04,33.43,2.40,5.3,1.38,1.31,0.04,31.61,1443.00,3.40,1392.50,-0.21,1435.40,10:19,13:54,full target,55.0
2026-07-10,09:36,09:37,JIOFIN,CALL,240,239.10,233.37,235.00,237.04,5.09,2.13,5.0,1.03,0.76,0.07,4.71,243.50,1.84,238.92,-0.08,241.78,09:42,11:25,breakeven,15.0
2026-07-13,09:28,09:29,KALYANKJIL,CALL,490,494.20,476.15,470.50,482.89,21.40,4.33,27.7,1.20,1.07,0.06,23.77,531.90,7.63,490.35,-0.78,521.25,10:17,12:17,full target,55.0
2026-07-13,09:58,09:59,DMART,CALL,4000,4007.90,4081.10,3950.00,3967.58,103.11,2.57,10.4,1.02,0.55,0.06,108.23,4009.70,0.04,3965.00,-1.07,3990.00,,15:20,close,-16.4
2026-07-13,09:27,09:28,LTF,CALL,330,330.70,321.25,321.25,324.88,10.43,3.15,5.6,1.24,0.82,0.11,10.89,333.50,0.85,325.00,-1.72,325.75,,15:20,close,-30.0
2026-07-14,09:33,09:34,BIOCON,CALL,440,435.00,410.95,427.35,429.08,12.30,2.83,48.9,1.07,0.64,0.01,10.12,444.50,2.18,431.85,-0.72,438.15,10:14,10:22,breakeven,15.0
2026-07-16,09:27,09:28,HDFCLIFE,PUT,560,559.40,568.75,585.00,570.62,13.82,2.47,12.7,2.07,1.82,0.03,14.28,557.00,0.43,569.50,-1.81,566.85,,15:20,close,-31.4
2026-07-16,09:27,09:28,DIXON,CALL,14600,14564.00,13651.00,14101.00,14476.21,430.26,2.95,11.2,1.36,1.04,0.31,417.28,14666.00,0.70,14161.00,-2.77,14465.00,,15:20,close,-19.9
2026-07-16,09:27,09:28,HDFCAMC,PUT,2600,2605.90,2729.20,2722.30,2646.13,78.98,3.03,9.6,1.61,1.48,0.04,76.76,2587.60,0.70,2627.50,-0.83,2599.60,,15:20,close,-5.0
2026-07-16,09:27,09:28,ANGELONE,PUT,340,336.60,343.40,347.05,341.67,11.39,3.38,8.8,1.17,0.93,0.03,13.41,334.35,0.67,355.30,-5.56,336.40,,11:12,stopped,-50.0
2026-07-17,09:31,09:32,JIOFIN,PUT,245,245.14,235.65,247.50,247.00,5.11,2.09,32.2,1.12,0.60,0.03,5.09,242.35,1.14,248.50,-1.37,243.39,,15:20,close,8.6
2026-07-17,09:27,09:28,POLYCAB,PUT,9000,8953.00,9215.00,9169.50,8973.68,259.36,2.90,6.7,1.10,0.93,0.16,287.85,8850.00,1.15,9025.00,-0.80,8877.50,,15:20,close,5.5
2026-07-20,09:36,09:37,AXISBANK,PUT,1250,1257.20,1328.50,1275.00,1269.37,27.24,2.17,12.2,1.01,0.62,0.06,23.95,1249.10,0.64,1268.20,-0.87,1257.10,,15:20,close,-8.9
2026-07-20,09:35,09:36,FEDERALBNK,CALL,350,346.65,349.00,341.50,347.05,7.95,2.29,6.6,1.04,0.72,0.31,6.48,352.20,1.60,345.60,-0.30,351.10,14:13,15:20,close,26.6
2026-07-20,09:27,09:28,RBLBANK,CALL,370,369.20,368.10,360.55,367.07,10.55,2.86,5.4,1.04,0.84,0.20,10.27,373.75,1.23,358.60,-2.87,368.85,,15:20,close,-10.4
2026-07-22,09:30,09:31,BANDHANBNK,PUT,180,181.34,208.83,187.95,188.98,7.25,4.00,24.8,1.55,0.71,0.25,6.64,169.56,6.50,183.80,-1.36,173.40,10:29,12:05,full target,55.0
2026-07-22,09:27,09:28,BAJAJ-AUTO,CALL,10800,10754.00,10403.50,10610.00,10706.64,212.67,1.98,13.1,1.24,0.87,0.20,192.86,11014.50,2.42,10650.00,-0.97,10985.00,11:26,15:20,close,43.3
2026-07-22,09:27,09:28,TVSMOTOR,CALL,3900,3927.50,3792.00,3850.70,3901.76,96.87,2.47,12.2,1.08,0.75,0.10,112.40,3965.00,0.95,3886.00,-1.06,3910.40,,15:20,close,-16.2
2026-07-23,09:27,09:28,OFSS,PUT,11000,10992.00,10851.00,11299.00,11175.65,387.86,3.53,15.3,1.10,0.77,0.08,396.36,9937.00,9.60,11110.00,-1.07,10836.00,09:38,10:05,full target,55.0
2026-07-23,09:30,09:31,INDUSINDBK,PUT,1000,1023.00,1069.30,1036.60,1028.56,24.74,2.42,12.7,1.10,0.54,0.33,14.72,998.15,2.43,1023.40,-0.04,1008.45,09:37,15:20,close,28.1
2026-07-23,09:27,09:28,DRREDDY,CALL,1150,1147.00,1182.80,1101.00,1136.61,30.79,2.68,12.2,1.59,1.49,0.10,29.68,1169.70,1.98,1144.10,-0.25,1167.30,14:38,15:20,close,28.9
2026-07-23,09:27,09:28,NESTLEIND,PUT,1450,1471.20,1493.60,1500.10,1487.66,30.55,2.08,6.2,1.06,0.89,0.06,21.04,1445.10,1.77,1474.40,-0.22,1446.30,09:44,10:52,breakeven,15.0
2026-07-24,09:27,09:28,SONACOMS,CALL,740,730.95,719.75,710.95,729.27,18.84,2.58,7.1,1.70,1.09,0.30,14.89,741.65,1.46,705.00,-3.55,717.95,,10:01,stopped,-50.0
2026-07-27,09:30,09:31,AUBANK,CALL,1050,1041.50,1004.00,1021.00,1036.62,28.00,2.69,13.6,1.09,0.76,0.33,24.30,1062.00,1.97,1036.00,-0.53,1051.10,12:36,15:20,close,19.8
2026-07-27,09:27,09:28,LAURUSLABS,CALL,1650,1665.10,1601.20,1624.80,1643.65,39.88,2.40,5.9,1.19,0.91,0.08,48.37,1734.50,4.17,1645.00,-1.21,1709.80,11:36,13:59,full target,55.0
2026-07-27,09:27,09:28,BANKINDIA,PUT,140,141.70,142.62,145.00,142.84,4.08,2.88,5.2,1.02,0.80,0.12,3.29,136.55,3.63,142.30,-0.42,137.99,11:51,15:20,close,37.3
2026-07-27,09:27,09:28,RECLTD,CALL,370,365.15,361.60,357.50,362.89,7.77,2.13,5.2,1.19,1.01,0.10,5.67,368.85,1.01,360.50,-1.27,368.05,,15:20,close,11.8
2026-07-28,09:27,09:28,BEL,PUT,390,393.60,407.15,406.15,396.52,6.89,1.75,9.8,2.04,1.84,0.20,5.25,388.00,1.42,396.60,-0.76,389.55,13:40,15:20,close,27.2
2026-07-28,09:27,09:28,COFORGE,CALL,1650,1633.70,1528.40,1570.00,1611.63,50.78,3.11,9.1,1.29,1.19,0.05,43.70,1692.80,3.62,1633.70,0.00,1688.70,09:33,15:20,close,44.1
2026-07-28,09:27,09:28,TATAPOWER,PUT,370,374.25,377.35,382.00,377.36,6.62,1.77,8.1,1.55,1.22,0.11,4.71,367.85,1.71,374.65,-0.11,372.00,13:14,15:20,close,19.6
2026-07-28,09:27,09:28,COALINDIA,PUT,420,415.35,427.50,422.90,418.55,7.29,1.76,6.5,1.18,1.06,0.02,10.04,406.80,2.06,417.50,-0.52,409.85,13:07,15:20,close,28.7
2026-07-29,09:52,09:53,SAIL,CALL,175,174.40,165.85,165.86,171.72,4.84,2.77,7.3,2.08,1.74,0.34,4.60,174.98,0.33,170.50,-2.24,170.98,,15:20,close,-40.0
2026-07-29,09:27,09:28,LT,CALL,3900,3939.80,3832.00,3895.40,3942.05,65.30,1.66,7.0,1.18,0.82,0.29,88.14,3978.20,0.97,3920.20,-0.50,3928.40,,15:20,close,-15.1
2026-07-29,09:30,09:31,KPITTECH,CALL,620,624.90,602.45,610.00,615.26,21.50,3.44,5.6,1.06,0.80,0.10,24.26,662.65,6.04,607.50,-2.78,639.00,13:38,13:39,full target,55.0
2026-07-29,09:33,09:34,PHOENIXLTD,PUT,1900,1922.10,2023.20,1989.90,1939.67,52.74,2.74,5.3,1.55,1.21,0.21,42.48,1896.00,1.36,1946.80,-1.29,1908.70,,15:20,close,4.0
2026-07-30,09:27,09:28,ADANIPORTS,PUT,1650,1667.70,1719.70,1726.70,1683.84,39.64,2.38,12.2,1.51,1.42,0.06,31.47,1658.40,0.56,1684.00,-0.98,1665.10,,15:20,close,-6.2
2026-07-30,09:32,09:33,TVSMOTOR,CALL,4200,4171.40,4075.60,4080.00,4132.25,100.21,2.40,7.4,1.07,0.96,0.01,87.74,4219.00,1.14,4149.10,-0.53,4212.50,,15:20,close,13.6
2026-07-30,09:58,09:59,MANAPPURAM,CALL,380,375.90,370.15,371.00,375.61,10.34,2.75,6.0,1.13,0.63,0.24,8.55,381.55,1.50,366.70,-2.45,368.40,,15:20,close,-42.3
2026-07-30,09:32,09:33,KPITTECH,PUT,600,600.00,638.75,610.00,607.31,24.15,4.02,6.0,1.00,0.52,0.02,24.41,580.15,3.31,600.80,-0.13,591.05,14:14,15:20,close,19.9
2026-07-31,09:28,09:29,BAJFINANCE,CALL,1100,1114.10,1053.50,1095.00,1094.88,24.87,2.23,13.8,1.02,0.54,0.02,32.88,1151.50,3.36,1110.40,-0.33,1138.80,11:26,15:20,close,36.1
2026-07-31,09:29,09:30,BAJAJFINSV,CALL,1950,1961.10,1909.40,1932.00,1964.41,39.70,2.02,6.8,1.20,0.87,0.29,45.99,2032.00,3.62,1960.40,-0.04,2030.00,09:42,12:59,full target,55.0
2026-07-31,09:46,09:47,CGPOWER,CALL,880,874.65,832.60,850.00,869.23,28.15,3.22,5.4,1.02,0.94,0.08,25.90,878.35,0.42,862.15,-1.43,864.00,,15:20,close,-26.9
2026-07-31,09:33,09:34,ABCAPITAL,CALL,410,409.40,394.05,396.90,406.50,10.28,2.51,5.1,1.35,1.25,0.03,10.09,413.00,0.88,397.80,-2.83,404.45,,14:18,stopped,-50.0
2026-08-03,09:27,09:28,MUTHOOTFIN,PUT,2800,2818.90,3119.60,2876.00,2838.73,85.55,3.03,16.8,1.35,0.61,0.14,76.91,2671.00,5.25,2891.80,-2.59,2890.90,09:31,09:49,breakeven,15.0
2026-08-03,09:29,09:30,ITC,CALL,290,291.75,281.00,284.45,287.54,4.57,1.57,14.6,1.71,1.38,0.01,5.56,292.50,0.26,285.75,-2.06,286.45,,12:59,stopped,-50.0
2026-08-03,09:27,09:28,ABCAPITAL,CALL,420,422.90,404.30,410.00,420.00,10.92,2.58,10.5,1.34,1.30,0.04,12.56,430.70,1.84,415.50,-1.75,420.35,11:20,13:07,breakeven,15.0
2026-08-03,09:28,09:29,GLENMARK,PUT,2200,2202.80,2233.90,2256.40,2222.94,58.07,2.64,6.0,1.09,1.01,0.07,57.24,2162.00,1.85,2244.40,-1.89,2215.00,10:01,10:15,breakeven,15.0
2026-08-04,09:27,09:28,KEI,CALL,5400,5354.20,5023.30,5201.00,5306.16,143.12,2.67,43.9,1.22,0.90,0.31,123.13,5510.00,2.91,5214.10,-2.62,5500.00,14:21,15:20,close,41.7
2026-08-04,09:27,09:28,GRASIM,PUT,3200,3154.60,3260.00,3219.00,3163.07,59.30,1.88,5.6,1.25,1.08,0.17,86.52,3115.00,1.26,3164.90,-0.33,3122.00,,15:20,close,16.8
2026-08-05,09:27,09:28,NYKAA,PUT,340,335.30,342.50,348.00,340.75,7.88,2.35,21.2,1.82,1.67,0.15,10.67,327.70,2.27,341.95,-1.98,333.25,10:19,11:34,breakeven,15.0
2026-08-05,09:27,09:28,MARICO,PUT,860,851.00,875.00,878.60,855.73,18.09,2.13,11.0,1.78,1.62,0.14,23.38,849.65,0.16,863.35,-1.45,855.15,,15:20,close,-17.4
2026-08-05,09:45,09:46,PIDILITIND,CALL,1650,1656.40,1620.00,1638.00,1636.84,34.64,2.09,7.3,1.30,0.58,0.03,38.36,1658.00,0.10,1631.40,-1.51,1645.90,,15:20,close,-21.9
2026-08-05,09:27,09:28,BHARTIARTL,PUT,1950,1973.50,1970.10,2020.00,1992.77,34.03,1.72,6.2,1.79,1.45,0.02,23.52,1951.80,1.10,1979.20,-0.29,1964.00,,15:20,close,5.6
2026-08-06,09:27,09:28,CUMMINSIND,CALL,5400,5376.50,5440.00,5175.00,5277.94,140.25,2.61,23.0,1.55,1.48,0.07,130.47,5455.00,1.46,5337.00,-0.73,5403.50,,15:20,close,1.0
2026-08-06,09:27,09:28,HAL,CALL,4800,4825.10,4645.00,4695.30,4778.21,85.29,1.77,14.1,1.64,1.48,0.04,99.54,4950.00,2.59,4817.00,-0.17,4934.00,09:50,15:20,close,46.0
2026-08-06,09:34,09:35,POLICYBZR,PUT,1650,1626.40,1620.00,1665.00,1638.58,43.60,2.68,12.0,1.24,0.94,0.09,57.57,1578.40,2.95,1649.40,-1.41,1590.00,14:39,15:20,close,31.0
2026-08-06,09:27,09:28,GVT&D,CALL,4300,4288.60,4410.00,4150.00,4196.21,186.26,4.34,10.1,1.35,0.73,0.09,182.75,4452.00,3.81,4253.50,-0.82,4388.10,15:12,15:20,close,25.3
2026-08-07,09:27,09:28,BRITANNIA,CALL,5600,5636.00,5404.00,5502.50,5616.65,106.00,1.88,29.0,1.44,1.27,0.17,126.36,5660.00,0.43,5500.00,-2.41,5508.00,,12:19,stopped,-50.0
2026-08-07,09:38,09:39,MOTHERSON,CALL,160,162.05,155.00,155.17,161.46,4.52,2.79,8.7,1.91,1.57,0.34,5.67,169.80,4.78,162.02,-0.02,168.60,10:24,14:08,full target,55.0
2026-08-07,09:27,09:28,TRENT,PUT,3000,3027.00,3107.10,3106.50,3047.64,79.52,2.63,7.5,1.01,0.91,0.10,67.01,2985.60,1.37,3049.70,-0.75,2999.90,,15:20,close,8.6
2026-08-07,09:48,09:49,HEROMOTOCO,CALL,5700,5707.50,5550.50,5541.00,5672.94,124.99,2.19,5.2,1.58,1.37,0.21,130.13,5800.00,1.62,5641.50,-1.16,5732.00,10:57,11:03,breakeven,15.0
2026-08-10,09:28,09:29,DELHIVERY,CALL,470,472.00,473.30,456.40,469.07,14.04,2.98,28.2,1.95,1.41,0.26,15.23,483.35,2.40,469.50,-0.53,478.35,11:25,15:20,close,22.5
2026-08-10,09:27,09:28,TITAN,CALL,5000,5022.60,4941.00,4932.00,4993.42,87.65,1.75,11.2,1.72,1.03,0.17,100.54,5122.20,1.98,5000.00,-0.45,5100.00,10:10,15:20,close,34.3
2026-08-10,09:27,09:28,OIL,CALL,460,459.70,442.80,450.00,453.43,11.30,2.46,9.0,1.01,0.60,0.28,11.28,462.45,0.60,450.75,-1.95,452.90,,15:20,close,-35.5
2026-08-10,09:27,09:28,KAYNES,CALL,3700,3698.00,3856.30,3535.00,3632.68,123.89,3.35,8.4,1.29,1.22,0.08,124.26,3846.00,4.00,3683.10,-0.40,3725.00,09:35,13:21,breakeven,15.0
2026-08-11,09:30,09:31,BHARATFORG,PUT,2050,2063.20,2093.10,2114.90,2081.70,64.63,3.13,14.0,1.49,0.77,0.26,58.63,2028.00,1.71,2092.00,-1.40,2051.00,,15:20,close,0.4
2026-08-11,09:27,09:28,OIL,CALL,480,480.40,453.00,464.30,475.35,11.88,2.47,12.5,1.98,1.35,0.30,12.21,481.75,0.28,468.70,-2.44,470.00,,15:20,close,-45.4
2026-08-11,09:41,09:42,NAUKRI,CALL,1350,1330.40,1282.00,1297.00,1319.33,37.62,2.83,7.1,1.03,0.85,0.03,29.13,1391.00,4.56,1329.30,-0.08,1358.60,10:16,12:30,full target,55.0
2026-08-11,09:27,09:28,ADANIGREEN,PUT,1350,1368.50,1369.00,1415.00,1384.51,42.17,3.08,5.1,1.16,1.05,0.09,33.56,1354.00,1.06,1380.00,-0.84,1358.50,,15:20,close,2.9
2026-08-12,09:27,09:28,MANAPPURAM,PUT,360,359.75,360.00,369.95,363.24,11.35,3.15,33.6,1.02,0.88,0.14,11.61,351.00,2.43,361.75,-0.56,354.50,10:00,10:08,breakeven,15.0
2026-08-12,09:27,09:28,NATIONALUM,CALL,420,419.30,388.00,398.50,413.69,10.28,2.45,16.2,2.07,2.02,0.05,10.04,422.20,0.69,414.35,-1.18,418.80,,15:20,close,-11.1
2026-08-12,09:27,09:28,ZYDUSLIFE,PUT,1150,1159.70,1191.00,1190.00,1170.98,27.40,2.36,12.1,1.46,1.14,0.28,22.92,1155.20,0.39,1204.00,-3.82,1200.10,,10:47,stopped,-50.0
2026-08-12,09:28,09:29,BOSCHLTD,CALL,46400,46400.00,45185.00,45040.00,45807.92,1067.55,2.30,7.6,1.27,1.21,0.06,1079.07,46735.00,0.72,46215.00,-0.40,46350.00,,15:20,close,-11.0
2026-08-13,09:27,09:28,JIOFIN,PUT,260,257.50,256.05,261.95,259.25,6.05,2.35,13.1,1.21,0.84,0.12,7.52,254.00,1.36,260.00,-0.97,254.90,,15:20,close,12.1
2026-08-13,09:28,09:29,GRASIM,PUT,3200,3227.90,3307.80,3299.30,3232.32,81.59,2.53,10.6,1.20,0.91,0.30,68.67,3226.70,0.04,3264.00,-1.12,3252.80,,15:20,close,-23.7
2026-08-13,09:44,09:45,APOLLOHOSP,PUT,8600,8625.50,8597.00,8740.50,8714.83,160.86,1.86,10.6,1.10,0.75,0.07,149.77,8554.00,0.83,8688.00,-0.72,8580.00,,15:20,close,5.7
2026-08-13,09:27,09:28,GMRAIRPORT,PUT,105,103.70,104.55,106.86,104.34,2.37,2.28,7.1,1.70,1.42,0.26,3.13,102.32,1.33,104.94,-1.20,102.60,,15:20,close,13.4
2026-08-14,09:27,09:28,JUBLFOOD,CALL,520,520.35,491.55,495.35,513.26,15.11,2.90,18.9,1.71,1.50,0.18,15.45,521.00,0.12,502.30,-3.47,504.45,,11:39,stopped,-50.0
2026-08-14,09:27,09:28,SOLARINDS,PUT,19600,19568.00,20324.00,20290.00,19782.14,555.59,2.84,14.1,1.47,1.22,0.20,578.66,19480.00,0.45,20298.00,-3.73,19970.00,,11:35,stopped,-50.0
2026-08-14,09:27,09:28,TMPV,CALL,330,333.20,349.60,329.00,334.55,8.16,2.45,9.6,1.07,0.74,0.34,9.96,334.25,0.32,329.00,-1.26,334.00,,15:20,close,-3.4
2026-08-14,09:34,09:35,APOLLOHOSP,CALL,8800,8751.50,8600.00,8615.00,8701.91,166.04,1.90,6.5,1.01,0.86,0.00,144.76,8925.00,1.98,8728.00,-0.27,8919.00,10:19,15:20,close,41.1
2026-08-17,09:27,09:28,NMDC,PUT,82.5,81.74,84.40,83.10,82.36,1.69,2.07,5.3,1.27,0.81,0.06,2.14,81.05,0.84,85.50,-4.60,85.44,,13:21,stopped,-50.0
2026-08-19,09:27,09:28,LTF,PUT,320,315.05,325.10,327.00,319.66,9.25,2.94,8.2,1.28,1.24,0.04,12.18,312.75,0.73,318.75,-1.17,315.00,,15:20,close,-7.5
2026-08-20,09:27,09:28,MUTHOOTFIN,CALL,3000,2982.60,2859.00,2910.00,2960.68,78.72,2.64,9.0,1.02,0.91,0.05,71.26,2997.80,0.51,2952.60,-1.01,2972.00,,15:20,close,-15.8